airport,airport_full_name,total_flights,delayed_flights,cancelled_flights,total_delay_minutes,delay_rate,cancellation_rate,avg_delay_minutes
ABE,"Allentown/Bethlehem/Easton, PA: Lehigh Valley International",28774.0,5379.0,827.0,398985.0,0.18693959824841871,0.028741224716758183,74.17456776352482
ABI,"Abilene, TX: Abilene Regional",10907.0,1767.0,244.0,106374.0,0.16200605115980563,0.02237095443293298,60.20033955857385
ABQ,"Albuquerque, NM: Albuquerque International Sunport",130549.0,25479.0,2371.0,1445607.0,0.19516809780235775,0.018161763016185495,56.73719533733663
ABR,"Aberdeen, SD: Aberdeen Regional",4377.0,498.0,68.0,47223.0,0.113776559287183,0.01553575508339045,94.82530120481928
ABY,"Albany, GA: Southwest Georgia Regional",5377.0,746.0,55.0,64200.0,0.1387390738329924,0.010228752092244746,86.05898123324397
ACK,"Nantucket, MA: Nantucket Memorial",10296.0,1896.0,387.0,146573.0,0.18414918414918416,0.037587412587412584,77.30643459915612
ACT,"Waco, TX: Waco Regional",7709.0,1169.0,301.0,72729.0,0.15164093916201843,0.03904527176028019,62.214713430282295
ACV,"Arcata/Eureka, CA: California Redwood Coast Humboldt County",10285.0,1713.0,274.0,143033.0,0.1665532328633933,0.026640738940204182,83.49854057209573
ACY,"Atlantic City, NJ: Atlantic City International",17136.0,3384.0,431.0,234296.0,0.19747899159663865,0.02515172735760971,69.23640661938535
ADK,"Adak Island, AK: Adak",627.0,118.0,47.0,5819.0,0.18819776714513556,0.07496012759170653,49.313559322033896
ADQ,"Kodiak, AK: Kodiak Airport",4827.0,654.0,217.0,35306.0,0.13548788067122436,0.04495545887714937,53.984709480122326
AEX,"Alexandria, LA: Alexandria International",13566.0,1981.0,363.0,138697.0,0.14602683178534573,0.026758071649712518,70.01362948006057
AGS,"Augusta, GA: Augusta Regional at Bush Field",28478.0,4587.0,551.0,347305.0,0.16107170447362876,0.019348268839103868,75.71506431218661
AKN,"King Salmon, AK: King Salmon Airport",2719.0,421.0,96.0,19736.0,0.15483633688856197,0.035307098197866864,46.87885985748218
ALB,"Albany, NY: Albany International",84593.0,17641.0,2294.0,1226928.0,0.20853971368789379,0.027118083056517677,69.5497987642424
ALO,"Waterloo, IA: Waterloo Regional",3749.0,602.0,110.0,44424.0,0.16057615364097091,0.029341157642037877,73.79401993355482
ALS,"Alamosa, CO: San Luis Valley Regional/Bergman Field",991.0,121.0,37.0,15733.0,0.12209889001009082,0.03733602421796166,130.02479338842974
ALW,"Walla Walla, WA: Walla Walla Regional",3956.0,486.0,145.0,22082.0,0.12285136501516683,0.03665318503538928,45.43621399176955
AMA,"Amarillo, TX: Rick Husband Amarillo International",31653.0,6138.0,881.0,417927.0,0.19391526869491044,0.02783306479638581,68.08846529814272
ANC,"Anchorage, AK: Ted Stevens Anchorage International",119186.0,24011.0,2378.0,1206862.0,0.2014582249593073,0.01995200778614938,50.262879513556285
APN,"Alpena, MI: Alpena County Regional",3554.0,563.0,97.0,49693.0,0.15841305571187395,0.027293190770962296,88.26465364120781
ART,"Watertown, NY: Watertown International",3997.0,487.0,140.0,53143.0,0.12184138103577684,0.03502626970227671,109.12320328542094
ASE,"Aspen, CO: Aspen Pitkin County Sardy Field",39403.0,10461.0,2195.0,915134.0,0.2654873994365911,0.05570641829302338,87.48054679284964
ATL,"Atlanta, GA: Hartsfield-Jackson Atlanta International",1914971.0,284469.0,31152.0,21313080.0,0.1485500302615549,0.01626760927450076,74.92232897081932
ATW,"Appleton, WI: Appleton International",40645.0,8374.0,823.0,639167.0,0.20602780169762577,0.020248493049575593,76.32756149988059
ATY,"Watertown, SD: Watertown Regional",1531.0,183.0,38.0,15129.0,0.11952971913781842,0.024820378837361202,82.67213114754098
AUS,"Austin, TX: Austin - Bergstrom International",457990.0,95733.0,9071.0,5807905.0,0.20902858141007447,0.019806109303696588,60.66774257570535
AVL,"Asheville, NC: Asheville Regional",66502.0,13426.0,1983.0,971617.0,0.2018886650025563,0.029818652070614418,72.3683152092954
AVP,"Scranton/Wilkes-Barre, PA: Wilkes Barre Scranton International",17835.0,3524.0,534.0,262179.0,0.19758901037286236,0.02994112699747687,74.39812712826334
AZA,"Phoenix, AZ: Mesa Gateway",3478.0,745.0,11.0,67856.0,0.21420356526739506,0.0031627372052903968,91.08187919463087
AZA,"Phoenix, AZ: Phoenix - Mesa Gateway",31581.0,7809.0,930.0,572000.0,0.24726892751971122,0.02944808587441816,73.24881546933025
AZO,"Kalamazoo, MI: Kalamazoo/Battle Creek International",11493.0,1839.0,268.0,156743.0,0.16001044113808405,0.023318541721047595,85.23273518216422
BDL,"Hartford, CT: Bradley International",131836.0,28211.0,3080.0,1853160.0,0.21398555781425407,0.02336235929488152,65.68927014285208
BET,"Bethel, AK: Bethel Airport",4340.0,696.0,108.0,34598.0,0.16036866359447005,0.02488479262672811,49.70977011494253
BFF,"Scottsbluff, NE: Scottsbluff W Neb Regional Wm B Heilig Field",367.0,83.0,4.0,6053.0,0.22615803814713897,0.010899182561307902,72.92771084337349
BFF,"Scottsbluff, NE: Western Neb. Regional/William B. Heilig Field",3516.0,570.0,100.0,50529.0,0.1621160409556314,0.02844141069397042,88.64736842105263
BFL,"Bakersfield, CA: Meadows Field",15496.0,2940.0,228.0,231002.0,0.1897263810015488,0.01471347444501807,78.57210884353742
BFM,"Mobile, AL: Mobile Downtown",46.0,9.0,6.0,426.0,0.1956521739130435,0.13043478260869565,47.333333333333336
BGM,"Binghamton, NY: Greater Binghamton/Edwin A. Link Field",2563.0,350.0,69.0,27160.0,0.13655872024970736,0.026921576277799453,77.6
BGR,"Bangor, ME: Bangor International",29675.0,5221.0,1145.0,376901.0,0.17593934288121313,0.038584667228306654,72.18942731277534
BHM,"Birmingham, AL: Birmingham-Shuttlesworth International",99536.0,20460.0,2222.0,1310899.0,0.20555376949043563,0.02232358141777849,64.07130987292278
BIH,"Bishop, CA: Bishop Airport",1194.0,304.0,44.0,24770.0,0.254606365159129,0.03685092127303183,81.48026315789474
BIL,"Billings, MT: Billings Logan International",30133.0,4874.0,371.0,287627.0,0.1617495768758504,0.012312083098264362,59.01251538777185
BIS,"Bismarck/Mandan, ND: Bismarck Municipal",23724.0,4029.0,503.0,286286.0,0.16982802225594334,0.02120215815208228,71.05634152395135
BJI,"Bemidji, MN: Bemidji Regional",4333.0,553.0,72.0,58648.0,0.12762520193861066,0.01661666282021694,106.05424954792043
BKG,"Branson, MO: Branson Airport",181.0,36.0,1.0,1714.0,0.19889502762430938,0.0055248618784530384,47.611111111111114
BLI,"Bellingham, WA: Bellingham International",15679.0,2431.0,462.0,135302.0,0.15504815358122329,0.029466164933988136,55.65693130399013
BLV,"Belleville, IL: Scott AFB MidAmerica St Louis",3807.0,790.0,48.0,62378.0,0.20751247701602313,0.01260835303388495,78.95949367088608
BLV,"Belleville, IL: Scott AFB/MidAmerica",3224.0,680.0,200.0,43012.0,0.2109181141439206,0.062034739454094295,63.252941176470586
BMI,"Bloomington/Normal, IL: Central Il Regional Airport at Bloomington",14902.0,2505.0,321.0,197074.0,0.16809824184673197,0.021540732787545296,78.67225548902195
BNA,"Nashville, TN: Nashville International",528700.0,98967.0,11743.0,6079713.0,0.1871893323245697,0.022211083790429353,61.43171966413047
BOI,"Boise, ID: Boise Air Terminal",151627.0,24773.0,1627.0,1407083.0,0.1633811920040626,0.010730278908110033,56.79905542324305
BOS,"Boston, MA: Logan International",734643.0,154909.0,17744.0,11537413.0,0.21086296337132457,0.024153228166606092,74.47864875507555
BPT,"Beaumont/Port Arthur, TX: Jack Brooks Regional",4626.0,625.0,148.0,59075.0,0.13510592304366623,0.03199308257674016,94.52
BQK,"Brunswick, GA: Brunswick Golden Isles",5301.0,741.0,53.0,62274.0,0.13978494623655913,0.00999811356347859,84.04048582995951
BQN,"Aguadilla, PR: Rafael Hernandez",12197.0,4070.0,286.0,277630.0,0.3336886119537591,0.023448388948101993,68.21375921375922
BRD,"Brainerd, MN: Brainerd Lakes Regional",3881.0,455.0,59.0,41457.0,0.11723782530275702,0.01520226745684102,91.11428571428571
BRO,"Brownsville, TX: Brownsville South Padre Island International",15842.0,2489.0,378.0,175533.0,0.1571140007574801,0.02386062365862896,70.52350341502611
BRW,"Barrow, AK: Wiley Post/Will Rogers Memorial",2366.0,535.0,87.0,26084.0,0.2261200338123415,0.036770921386306,48.75514018691589
BTM,"Butte, MT: Bert Mooney",4012.0,443.0,40.0,35386.0,0.11041874376869391,0.009970089730807577,79.87810383747178
BTR,"Baton Rouge, LA: Baton Rouge Metropolitan/Ryan Field",35627.0,6252.0,918.0,452669.0,0.1754848850590844,0.025766974485642913,72.40387076135637
BTV,"Burlington, VT: Burlington International",43781.0,7658.0,1354.0,520573.0,0.17491605947785568,0.03092665768255636,67.97767041002872
BTV,"Burlington, VT: Patrick Leahy Burlington International",5716.0,1386.0,172.0,123067.0,0.24247725682295312,0.030090972708187544,88.79292929292929
BUF,"Buffalo, NY: Buffalo Niagara International",126796.0,26809.0,4355.0,1785964.0,0.21143411464084041,0.03434650935360737,66.61807601924727
BUR,"Burbank, CA: Bob Hope",160501.0,29140.0,4329.0,1569256.0,0.18155650120559996,0.026971794568258142,53.85229924502402
BWI,"Baltimore, MD: Baltimore/Washington International Thurgood Marshall",525397.0,93332.0,13573.0,5372883.0,0.17764090773262886,0.02583379806127557,57.56742596322805
BZN,"Bozeman, MT: Bozeman Yellowstone International",62813.0,11405.0,866.0,650347.0,0.18157069396462516,0.013786954929712002,57.02297238053485
CAE,"Columbia, SC: Columbia Metropolitan",54168.0,9591.0,1177.0,686020.0,0.17706025697828975,0.02172869590902378,71.52747367323532
CAK,"Akron, OH: Akron-Canton Regional",22242.0,4757.0,561.0,373299.0,0.2138746515601115,0.025222551928783383,78.47361782636115
CDB,"Cold Bay, AK: Cold Bay Airport",262.0,90.0,9.0,3212.0,0.3435114503816794,0.03435114503816794,35.68888888888889
CDC,"Cedar City, UT: Cedar City Regional",3535.0,328.0,16.0,21365.0,0.09278642149929278,0.004526166902404526,65.13719512195122
CDV,"Cordova, AK: Merle K Mudhole Smith",4345.0,705.0,106.0,33991.0,0.1622554660529344,0.024395857307249712,48.21418439716312
CGI,"Cape Girardeau, MO: Cape Girardeau Regional",1736.0,192.0,91.0,22674.0,0.11059907834101383,0.05241935483870968,118.09375
CHA,"Chattanooga, TN: Lovell Field",45657.0,7902.0,883.0,548321.0,0.17307313226887444,0.01933986026239131,69.39015439129335
CHO,"Charlottesville, VA: Charlottesville Albemarle",35269.0,5422.0,830.0,405642.0,0.15373273979982421,0.023533414613399868,74.81409074142383
CHS,"Charleston, SC: Charleston AFB/International",144421.0,29015.0,3730.0,1838075.0,0.20090568546125565,0.025827268887488663,63.34912976046872
CID,"Cedar Rapids/Iowa City, IA: The Eastern Iowa",50300.0,9689.0,1311.0,715044.0,0.19262425447316103,0.02606361829025845,73.79956651873259
CIU,"Sault Ste. Marie, MI: Chippewa County International",4462.0,687.0,54.0,63142.0,0.15396683101748096,0.012102196324518153,91.90975254730714
CKB,"Clarksburg/Fairmont, WV: North Central West Virginia",3274.0,653.0,102.0,58432.0,0.1994502138057422,0.031154551007941355,89.48238897396631
CLD,"Carlsbad, CA: McClellan-Palomar",641.0,84.0,2.0,4266.0,0.1310452418096724,0.0031201248049922,50.785714285714285
CLE,"Cleveland, OH: Cleveland-Hopkins International",235512.0,46663.0,5722.0,3098928.0,0.19813427765888786,0.024296001902238528,66.4108179928423
CLL,"College Station/Bryan, TX: Easterwood Field",8316.0,1212.0,301.0,85636.0,0.14574314574314573,0.0361952861952862,70.65676567656766
CLT,"Charlotte, NC: Charlotte Douglas International",1347494.0,222954.0,29312.0,18438720.0,0.16545825064898248,0.021752972554979835,82.70190263462418
CMH,"Columbus, OH: John Glenn Columbus International",234074.0,44689.0,5339.0,2826926.0,0.19091825661970147,0.02280902620538804,63.257759180111435
CMI,"Champaign/Urbana, IL: University of Illinois/Willard",9691.0,1648.0,293.0,106923.0,0.17005468991848108,0.030234237952739655,64.88046116504854
CMX,"Hancock/Houghton, MI: Houghton County Memorial",4349.0,926.0,226.0,91185.0,0.21292251092205106,0.05196596918831915,98.4719222462203
CNY,"Moab, UT: Canyonlands Field",1786.0,210.0,41.0,13864.0,0.11758118701007839,0.02295632698768197,66.01904761904763
CNY,"Moab, UT: Canyonlands Regional",884.0,132.0,11.0,6948.0,0.1493212669683258,0.012443438914027148,52.63636363636363
COD,"Cody, WY: Yellowstone Regional",5424.0,1240.0,163.0,110029.0,0.22861356932153393,0.030051622418879056,88.73306451612903
COS,"Colorado Springs, CO: City of Colorado Springs Municipal",69509.0,15284.0,1376.0,958006.0,0.2198851947229855,0.019795997640593303,62.68031928814447
COU,"Columbia, MO: Columbia Regional",11764.0,2362.0,468.0,168882.0,0.20078204692281537,0.03978238694321659,71.4995766299746
CPR,"Casper, WY: Casper/Natrona County International",12301.0,2286.0,283.0,185081.0,0.18583854971140557,0.023006259653686693,80.96281714785651
CRP,"Corpus Christi, TX: Corpus Christi International",31334.0,5447.0,814.0,362424.0,0.17383672687815152,0.025978170677219633,66.53644207820818
CRW,"Charleston/Dunbar, WV: West Virginia International Yeager",11884.0,2681.0,238.0,220850.0,0.22559744193874118,0.02002692696061932,82.37597911227154
CRW,"Charleston/Dunbar, WV: Yeager",8701.0,1339.0,320.0,89526.0,0.15389035743018045,0.03677738191012527,66.8603435399552
CSG,"Columbus, GA: Columbus Airport",7324.0,1011.0,119.0,76732.0,0.1380393227744402,0.01624795193883124,75.8971315529179
CVG,"Cincinnati, OH: Cincinnati/Northern Kentucky International",232349.0,46414.0,5368.0,3277357.0,0.19975984402773414,0.023103176686794433,70.61138880510191
CWA,"Mosinee, WI: Central Wisconsin",11727.0,1891.0,237.0,158175.0,0.16125181205764474,0.020209772320286517,83.64621893178213
CYS,"Cheyenne, WY: Cheyenne Regional/Jerry Olson Field",2789.0,470.0,75.0,58856.0,0.16851918250268913,0.026891358910003587,125.22553191489362
DAB,"Daytona Beach, FL: Daytona Beach International",17462.0,2824.0,385.0,171788.0,0.161722597640591,0.02204787538655366,60.831444759206796
DAL,"Dallas, TX: Dallas Love Field",396622.0,76853.0,11508.0,4213180.0,0.19376887817619798,0.029015031944773614,54.82128218807333
DAY,"Dayton, OH: James M Cox/Dayton International",60187.0,11429.0,1303.0,901844.0,0.1898915048100088,0.021649193347400602,78.90839093533992
DBQ,"Dubuque, IA: Dubuque Regional",1506.0,217.0,54.0,14398.0,0.14409030544488713,0.035856573705179286,66.35023041474655
DCA,"Washington, DC: Ronald Reagan Washington National",734667.0,146204.0,22601.0,10969332.0,0.1990071692344967,0.030763597657169846,75.02757790484529
DDC,"Dodge City, KS: Dodge City Regional",3628.0,541.0,101.0,47890.0,0.14911797133406834,0.027839029768467475,88.52125693160814
DEC,"Decatur, IL: Decatur Airport",4542.0,763.0,138.0,69611.0,0.16798767062967856,0.03038309114927345,91.23328964613368
DEN,"Denver, CO: Denver International",1682968.0,319037.0,36755.0,22510048.0,0.18956807259555739,0.021839393262379322,70.55623015512307
DFW,"Dallas/Fort Worth, TX: Dallas/Fort Worth International",1705415.0,347357.0,48896.0,29936901.0,0.20367886995247492,0.028671027286613523,86.18482137973324
DHN,"Dothan, AL: Dothan Regional",5412.0,767.0,60.0,57078.0,0.1417220990391722,0.011086474501108648,74.41720990873533
DIK,"Dickinson, ND: Dickinson - Theodore Roosevelt Regional",3631.0,773.0,153.0,83561.0,0.2128890112916552,0.042137152299641975,108.09961190168175
DLG,"Dillingham, AK: Dillingham Airport",2524.0,384.0,131.0,19383.0,0.15213946117274169,0.051901743264659274,50.4765625
DLH,"Duluth, MN: Duluth International",13596.0,2238.0,316.0,169342.0,0.1646072374227714,0.023242130038246545,75.66666666666667
DRO,"Durango, CO: Durango La Plata County",23152.0,4172.0,479.0,290368.0,0.18020041465100206,0.020689357290946786,69.59923298178332
DRT,"Del Rio, TX: Del Rio International",1978.0,220.0,56.0,15908.0,0.11122345803842265,0.028311425682507583,72.30909090909091
DSM,"Des Moines, IA: Des Moines International",91658.0,18163.0,2091.0,1233681.0,0.19816055336140873,0.0228130659626001,67.92275505147828
DTW,"Detroit, MI: Detroit Metro Wayne County",771676.0,117535.0,12787.0,9295940.0,0.1523113327355004,0.016570425930053544,79.0908240098694
DVL,"Devils Lake, ND: Devils Lake Regional",3922.0,487.0,178.0,53122.0,0.12417134115247323,0.04538500764915859,109.08008213552361
EAR,"Kearney, NE: Kearney Regional",2987.0,490.0,77.0,37221.0,0.16404419149648478,0.025778372949447605,75.96122448979592
EAT,"Wenatchee, WA: Pangborn Memorial",4036.0,460.0,107.0,19625.0,0.11397423191278494,0.02651139742319128,42.66304347826087
EAU,"Eau Claire, WI: Chippewa Valley Regional",2576.0,457.0,85.0,43395.0,0.17740683229813664,0.03299689440993789,94.9562363238512
ECP,"Panama City, FL: Northwest Florida Beaches International",51860.0,10085.0,899.0,620056.0,0.19446586964905516,0.017335133050520632,61.482994546355975
EGE,"Eagle, CO: Eagle County Regional",18637.0,4032.0,533.0,313595.0,0.21634383216182862,0.028599023447979825,77.7765376984127
EKO,"Elko, NV: Elko Regional",2831.0,209.0,31.0,24417.0,0.0738255033557047,0.01095019427764041,116.82775119617224
ELM,"Elmira/Corning, NY: Elmira/Corning Regional",6597.0,1052.0,142.0,85520.0,0.1594664241321813,0.021524935576777322,81.29277566539923
ELP,"El Paso, TX: El Paso International",102504.0,21558.0,1945.0,1355727.0,0.2103137438538984,0.01897486927339421,62.887419983300866
ERI,"Erie, PA: Erie International/Tom Ridge Field",7500.0,1132.0,159.0,78763.0,0.15093333333333334,0.0212,69.5786219081272
ESC,"Escanaba, MI: Delta County",3962.0,540.0,80.0,53879.0,0.13629480060575466,0.020191822311963654,99.77592592592593
EUG,"Eugene, OR: Mahlon Sweet Field",50922.0,8436.0,801.0,503605.0,0.16566513491221868,0.015729939908094733,59.697131341868186
EVV,"Evansville, IN: Evansville Regional",20849.0,3066.0,469.0,220460.0,0.14705741282555518,0.02249508369705981,71.9047619047619
EWN,"New Bern/Morehead/Beaufort, NC: Coastal Carolina Regional",9765.0,1412.0,212.0,97457.0,0.14459805427547362,0.021710189452124936,69.02053824362606
EWR,"Newark, NJ: Newark Liberty International",754431.0,166723.0,27930.0,13224067.0,0.22099171428533557,0.037021278287875235,79.31759265368305
EYW,"Key West, FL: Key West International",46872.0,8828.0,1142.0,571732.0,0.1883427206007851,0.024364225977129204,64.76347983688265
FAI,"Fairbanks, AK: Fairbanks International",28133.0,5173.0,418.0,245577.0,0.18387658621547648,0.014857995947819287,47.47283974482892
FAR,"Fargo, ND: Hector International",39132.0,7217.0,952.0,516380.0,0.18442706736174996,0.024327915772258,71.55050575031176
FAT,"Fresno, CA: Fresno Yosemite International",67512.0,12467.0,886.0,782891.0,0.18466346723545443,0.01312359284275388,62.79706424961899
FAY,"Fayetteville, NC: Fayetteville Regional/Grannis Field",18774.0,2671.0,347.0,187192.0,0.1422712261638436,0.01848300841589432,70.08311493822538
FCA,"Kalispell, MT: Glacier Park International",29688.0,4802.0,319.0,282171.0,0.16174885475613043,0.010745082188089464,58.761141191170346
FLG,"Flagstaff, AZ: Flagstaff Pulliam",12118.0,1945.0,317.0,170266.0,0.160505033833966,0.02615943224954613,87.54035989717224
FLL,"Fort Lauderdale, FL: Fort Lauderdale-Hollywood International",505521.0,114830.0,12134.0,7994626.0,0.22715178993553187,0.024002959323153737,69.62140555603936
FLO,"Florence, SC: Florence Regional",4707.0,541.0,91.0,40468.0,0.11493520288931379,0.019332908434246867,74.80221811460258
FMN,"Farmington, NM: Four Corners Regional",238.0,50.0,0.0,5319.0,0.21008403361344538,0.0,106.38
FNT,"Flint, MI: Bishop International",19508.0,4598.0,430.0,331360.0,0.23569817510764815,0.0220422390814025,72.06611570247934
FOD,"Fort Dodge, IA: Fort Dodge Regional",2924.0,513.0,100.0,45329.0,0.17544459644322846,0.03419972640218878,88.36062378167641
FSD,"Sioux Falls, SD: Joe Foss Field",46911.0,9242.0,1139.0,664915.0,0.1970113619406962,0.024280019611604954,71.94492534083531
FSM,"Fort Smith, AR: Fort Smith Regional",7477.0,1088.0,286.0,73358.0,0.14551290624582053,0.03825063528153003,67.42463235294117
FWA,"Fort Wayne, IN: Fort Wayne International",38008.0,7487.0,702.0,557642.0,0.1969848452957272,0.018469795832456323,74.4813677040203
GCC,"Gillette, WY: Gillette Campbell County",1752.0,244.0,58.0,21167.0,0.13926940639269406,0.033105022831050226,86.75
GCC,"Gillette, WY: Northeast Wyoming Regional",2310.0,377.0,39.0,30126.0,0.1632034632034632,0.016883116883116882,79.90981432360742
GCK,"Garden City, KS: Garden City Regional",4285.0,696.0,116.0,49083.0,0.16242707117852975,0.02707117852975496,70.52155172413794
GEG,"Spokane, WA: Spokane International",120117.0,20483.0,1554.0,1114795.0,0.17052540439737923,0.012937386048602612,54.42537714202021
GFK,"Grand Forks, ND: Grand Forks International",7874.0,1110.0,201.0,92381.0,0.14097028194056388,0.025527051054102107,83.22612612612613
GGG,"Longview, TX: East Texas Regional",4565.0,675.0,152.0,48278.0,0.14786418400876233,0.03329682365826944,71.52296296296296
GJT,"Grand Junction, CO: Grand Junction Regional",25245.0,4166.0,483.0,284781.0,0.16502277678748267,0.01913250148544266,68.35837734037446
GNV,"Gainesville, FL: Gainesville Regional",22904.0,3353.0,451.0,207235.0,0.14639364303178484,0.0196908836884387,61.805845511482254
GPT,"Gulfport/Biloxi, MS: Gulfport-Biloxi International",24150.0,3791.0,588.0,260779.0,0.15697722567287783,0.02434782608695652,68.78897388551833
GRB,"Green Bay, WI: Green Bay Austin Straubel International",30411.0,5445.0,605.0,397880.0,0.1790470553418171,0.0198941172602019,73.07254361799816
GRI,"Grand Island, NE: Central Nebraska Regional",5609.0,911.0,148.0,62998.0,0.16241754323408808,0.026386165091816724,69.15257958287596
GRK,"Killeen, TX: Robert Gray AAF",12822.0,2233.0,481.0,145216.0,0.1741537981594135,0.03751364841678365,65.03179579041648
GRR,"Grand Rapids, MI: Gerald R. Ford International",107578.0,22036.0,2665.0,1512156.0,0.20483742029039395,0.024772723047463235,68.62207297150118
GSO,"Greensboro/High Point, NC: Piedmont Triad International",75056.0,13128.0,2012.0,886163.0,0.17490940098060115,0.026806651033894693,67.50175198049969
GSP,"Greer, SC: Greenville-Spartanburg International",89092.0,16731.0,2061.0,1123228.0,0.1877946392493153,0.023133390203385264,67.1345406730022
GST,"Gustavus, AK: Gustavus Airport",532.0,53.0,20.0,2704.0,0.09962406015037593,0.03759398496240601,51.0188679245283
GTF,"Great Falls, MT: Great Falls International",15759.0,2015.0,180.0,129974.0,0.1278634431118726,0.011422044545973729,64.50322580645161
GTR,"Columbus, MS: Golden Triangle Regional",5439.0,633.0,54.0,43258.0,0.11638168781025923,0.009928295642581356,68.33807266982622
GUC,"Gunnison, CO: Gunnison-Crested Butte Regional",5758.0,1104.0,216.0,110536.0,0.19173324070857936,0.0375130253560264,100.1231884057971
GUF,"Gulf Shores, AL: Gulf Shores International Jack Edwards Field",327.0,52.0,4.0,2343.0,0.15902140672782875,0.012232415902140673,45.05769230769231
GUM,"Guam, TT: Guam International",4213.0,450.0,34.0,26705.0,0.10681224780441491,0.008070258723000238,59.34444444444444
HDN,"Hayden, CO: Yampa Valley",14025.0,2797.0,325.0,171930.0,0.19942959001782531,0.023172905525846704,61.4694315337862
HGR,"Hagerstown, MD: Hagerstown Regional-Richard A. Henson Field",1402.0,373.0,42.0,24402.0,0.2660485021398003,0.029957203994293864,65.42091152815013
HHH,"Hilton Head, SC: Hilton Head Airport",14296.0,2249.0,288.0,145764.0,0.15731673195299384,0.020145495243424735,64.8128056914184
HIB,"Hibbing, MN: Range Regional",3839.0,459.0,64.0,43397.0,0.11956238603803074,0.016671008075019537,94.54684095860567
HLN,"Helena, MT: Helena Regional",10512.0,1272.0,145.0,91128.0,0.12100456621004566,0.013793759512937594,71.64150943396227
HNL,"Honolulu, HI: Daniel K Inouye International",318532.0,52238.0,4251.0,2840936.0,0.16399608202629562,0.013345597930506197,54.384471074696584
HOB,"Hobbs, NM: Lea County Regional",3450.0,774.0,72.0,85700.0,0.22434782608695653,0.020869565217391306,110.72351421188631
HOU,"Houston, TX: William P Hobby",309598.0,56849.0,7962.0,3089170.0,0.18362198722213968,0.02571722039548059,54.33991802846136
HPN,"White Plains, NY: Westchester County",61551.0,13746.0,1574.0,1042138.0,0.22332699712433593,0.025572289645984632,75.81390950094573
HRL,"Harlingen/San Benito, TX: Valley International",28236.0,5033.0,660.0,315502.0,0.17824762714265477,0.02337441563960901,62.6866679912577
HSV,"Huntsville, AL: Huntsville International-Carl T Jones Field",61216.0,11115.0,1357.0,788241.0,0.18157017773131207,0.022167407213800314,70.91686909581647
HTS,"Ashland, WV: Tri-State/Milton J. Ferguson Field",7666.0,1296.0,218.0,90434.0,0.16905817897208453,0.028437255413514217,69.77932098765432
HVN,"New Haven, CT: Tweed New Haven",602.0,50.0,41.0,2570.0,0.08305647840531562,0.0681063122923588,51.4
HYA,"Hyannis, MA: Barnstable Municipal-Boardman/Polando Field",228.0,45.0,9.0,4656.0,0.19736842105263158,0.039473684210526314,103.46666666666667
HYA,"Hyannis, MA: Cape Cod Gateway",893.0,151.0,29.0,10872.0,0.1690929451287794,0.032474804031354984,72.0
HYS,"Hays, KS: Hays Regional",4177.0,741.0,79.0,69181.0,0.1774000478812545,0.018913095523102705,93.36167341430499
IAD,"Washington, DC: Washington Dulles International",455326.0,73229.0,10060.0,5807383.0,0.1608276267992603,0.02209406008003057,79.3044149175873
IAG,"Niagara Falls, NY: Niagara Falls International",2547.0,419.0,129.0,31460.0,0.16450726344719277,0.050647820965842166,75.0835322195704
IAH,"Houston, TX: George Bush Intercontinental/Houston",904123.0,158495.0,20548.0,12453804.0,0.17530247543752345,0.022726996216222792,78.57537461749583
ICT,"Wichita, KS: Wichita Dwight D Eisenhower National",63069.0,12858.0,1452.0,875535.0,0.2038719497693003,0.0230224040336774,68.09262715818946
IDA,"Idaho Falls, ID: Idaho Falls Regional",23815.0,3966.0,324.0,283687.0,0.16653369724963257,0.013604870879697669,71.529752899647
IFP,"Bullhead City, AZ: Laughlin/Bullhead International",1.0,1.0,0.0,222.0,1.0,0.0,222.0
ILG,"Wilmington, DE: New Castle",165.0,44.0,6.0,2678.0,0.26666666666666666,0.03636363636363636,60.86363636363637
ILM,"Wilmington, NC: Wilmington International",50068.0,8779.0,1385.0,587269.0,0.1753415355117041,0.027662379164336504,66.89474883244105
IMT,"Iron Mountain/Kingsfd, MI: Ford",4329.0,655.0,57.0,60202.0,0.1513051513051513,0.013167013167013167,91.91145038167939
IND,"Indianapolis, IN: Indianapolis International",257399.0,50315.0,6331.0,3274301.0,0.19547472989405554,0.024596055151729416,65.07604094206499
INL,"International Falls, MN: Falls International Einarson Field",3753.0,468.0,86.0,45132.0,0.12470023980815348,0.02291500133226752,96.43589743589743
IPT,"Williamsport, PA: Williamsport Regional",532.0,43.0,27.0,4754.0,0.08082706766917293,0.05075187969924812,110.55813953488372
ISP,"Islip, NY: Long Island MacArthur",28692.0,6449.0,878.0,398444.0,0.22476648543147915,0.030600864352432734,61.78384245619476
ITH,"Ithaca/Cortland, NY: Ithaca Tompkins International",4778.0,976.0,227.0,79349.0,0.20426956885726244,0.0475094181665969,81.30020491803279
ITH,"Ithaca/Cortland, NY: Ithaca Tompkins Regional",3989.0,575.0,203.0,42102.0,0.1441464026071697,0.050889947355226874,73.22086956521738
ITO,"Hilo, HI: Hilo International",36185.0,4795.0,499.0,197619.0,0.13251347243332873,0.013790244576481968,41.213555787278416
JAC,"Jackson, WY: Jackson Hole",32455.0,6045.0,518.0,427078.0,0.1862578955476814,0.015960560776459715,70.64979321753515
JAN,"Jackson/Vicksburg, MS: Jackson Medgar Wiley Evers International",49533.0,8605.0,1095.0,554187.0,0.17372256879252215,0.02210647447156441,64.40290528762347
JAX,"Jacksonville, FL: Jacksonville International",163370.0,35371.0,3804.0,2310880.0,0.21650853889943075,0.02328456877027606,65.33261711571626
JFK,"New York, NY: John F. Kennedy International",657671.0,137247.0,18230.0,11125838.0,0.20868641007433808,0.027719026686595576,81.06434384722435
JHM,"Kapalua, HI: Kapalua Airport",348.0,25.0,90.0,1120.0,0.07183908045977011,0.25862068965517243,44.8
JLN,"Joplin, MO: Joplin Regional",4316.0,761.0,138.0,85103.0,0.1763206672845227,0.0319740500463392,111.83048620236531
JMS,"Jamestown, ND: Jamestown Regional",4692.0,600.0,198.0,57737.0,0.1278772378516624,0.04219948849104859,96.22833333333334
JNU,"Juneau, AK: Juneau International",26267.0,4324.0,473.0,214770.0,0.16461720028933644,0.01800738569307496,49.66928769657724
JST,"Johnstown, PA: John Murtha Johnstown-Cambria County",3634.0,707.0,115.0,91880.0,0.19455145844799118,0.03164556962025317,129.95756718528995
KOA,"Kona, HI: Ellison Onizuka Kona International at Keahole",88510.0,13147.0,1022.0,617128.0,0.14853688848717658,0.011546717884984747,46.940594812504756
KTN,"Ketchikan, AK: Ketchikan International",13618.0,2279.0,191.0,120469.0,0.16735203407255103,0.014025554413276546,52.86046511627907
LAF,"Lafayette, IN: Purdue University",237.0,72.0,7.0,7433.0,0.3037974683544304,0.029535864978902954,103.23611111111111
LAN,"Lansing, MI: Capital Region International",12945.0,2210.0,309.0,168578.0,0.17072228659714175,0.023870220162224797,76.27963800904978
LAR,"Laramie, WY: Laramie Regional",3709.0,618.0,165.0,48645.0,0.16662173092477756,0.044486384470207606,78.7135922330097
LAS,"Las Vegas, NV: Harry Reid International",629990.0,145109.0,7159.0,9192001.0,0.23033540214924048,0.011363672439245067,63.345492009454965
LAS,"Las Vegas, NV: McCarran International",369990.0,65000.0,13736.0,3822172.0,0.1756804237952377,0.03712532771155977,58.802646153846155
LAW,"Lawton/Fort Sill, OK: Lawton-Fort Sill Regional",6477.0,1052.0,320.0,90170.0,0.16242087386135556,0.049405589007256445,85.712927756654
LAX,"Los Angeles, CA: Los Angeles International",1086362.0,189443.0,17115.0,12722939.0,0.17438294049313213,0.01575441703594198,67.15972086590689
LBB,"Lubbock, TX: Lubbock Preston Smith International",39432.0,7971.0,1050.0,566865.0,0.20214546561168595,0.026628119293974437,71.11592021076402
LBE,"Latrobe, PA: Arnold Palmer Regional",4269.0,759.0,115.0,44920.0,0.17779339423752635,0.026938393066291873,59.183135704874836
LBF,"North Platte, NE: North Platte Regional Airport Lee Bird Field",3936.0,685.0,123.0,49936.0,0.17403455284552846,0.03125,72.8992700729927
LBL,"Liberal, KS: Liberal Mid-America Regional",3642.0,541.0,102.0,36675.0,0.1485447556287754,0.02800658978583196,67.79112754158965
LCH,"Lake Charles, LA: Lake Charles Regional",10739.0,1615.0,417.0,127104.0,0.15038644194059037,0.038830431138839744,78.70216718266254
LCK,"Columbus, OH: Rickenbacker International",6338.0,1501.0,247.0,113745.0,0.2368254970022089,0.038971284316819184,75.7794803464357
LEX,"Lexington, KY: Blue Grass",55671.0,9905.0,1272.0,708583.0,0.17792028165472148,0.02284852077383198,71.53791014639071
LFT,"Lafayette, LA: Lafayette Regional Paul Fournet Field",28122.0,4964.0,698.0,392602.0,0.1765166062157741,0.02482042528980869,79.08984689766318
LGA,"New York, NY: LaGuardia",824201.0,161274.0,29417.0,12385545.0,0.19567314283773013,0.035691536409201155,76.79815097287846
LGB,"Long Beach, CA: Long Beach Airport",87555.0,14321.0,1317.0,677085.0,0.1635657586659814,0.015041973616583862,47.27917044899099
LIH,"Lihue, HI: Lihue Airport",81284.0,11707.0,1114.0,542162.0,0.14402588455292553,0.013705034201072781,46.31092508755445
LIT,"Little Rock, AR: Bill and Hillary Clinton Nat Adams Field",77600.0,15702.0,1729.0,1010871.0,0.20234536082474228,0.022280927835051548,64.37848681696599
LNK,"Lincoln, NE: Lincoln Airport",14606.0,3249.0,426.0,285522.0,0.22244283171299467,0.029166096124880185,87.87996306555863
LNY,"Lanai, HI: Lanai Airport",1159.0,120.0,44.0,7576.0,0.10353753235547886,0.03796376186367558,63.13333333333333
LRD,"Laredo, TX: Laredo International",14331.0,2278.0,361.0,159690.0,0.15895610913404506,0.02519014723327053,70.1009657594381
LSE,"La Crosse, WI: La Crosse Regional",7996.0,1302.0,147.0,97427.0,0.16283141570785392,0.018384192096048024,74.82872503840245
LWB,"Lewisburg, WV: Greenbrier Valley",1775.0,253.0,53.0,23727.0,0.14253521126760563,0.029859154929577466,93.78260869565217
LWS,"Lewiston, ID: Lewiston Nez Perce County",5404.0,571.0,35.0,40083.0,0.10566247224278312,0.006476683937823834,70.19789842381786
LYH,"Lynchburg, VA: Lynchburg Regional/Preston Glenn Field",10319.0,1407.0,218.0,102868.0,0.136350421552476,0.021126078108343833,73.11158493248045
MAF,"Midland/Odessa, TX: Midland International Air and Space Port",55500.0,10605.0,1392.0,717096.0,0.19108108108108107,0.02508108108108108,67.61867043847242
MBS,"Saginaw/Bay City/Midland, MI: MBS International",11740.0,2042.0,218.0,158500.0,0.17393526405451448,0.01856899488926746,77.61998041136141
MCI,"Kansas City, MO: Kansas City International",269227.0,53262.0,6236.0,3225316.0,0.197833055377061,0.023162609990825585,60.555668206225825
MCO,"Orlando, FL: Orlando International",859424.0,196745.0,20309.0,13993837.0,0.22892658338608185,0.023630943515656998,71.12677323438969
MCW,"Mason City, IA: Mason City Municipal",2926.0,503.0,108.0,47705.0,0.17190704032809295,0.03691045796308954,94.84095427435388
MDT,"Harrisburg, PA: Harrisburg International",53525.0,9484.0,1158.0,698466.0,0.17718822979915927,0.021634750116767864,73.64677351328554
MDW,"Chicago, IL: Chicago Midway International",440751.0,78244.0,13254.0,4358124.0,0.17752427107369012,0.03007140085898841,55.699146260416136
MEI,"Meridian, MS: Key Field",3967.0,668.0,85.0,79427.0,0.16838921099067305,0.021426770859591632,118.90269461077844
MEM,"Memphis, TN: Memphis International",133592.0,27804.0,3374.0,1788795.0,0.20812623510389844,0.025256003353494223,64.33588692274493
MFE,"Mission/McAllen/Edinburg, TX: McAllen International",15716.0,3451.0,249.0,266145.0,0.2195851361669636,0.015843726138966657,77.12112431179368
MFE,"Mission/McAllen/Edinburg, TX: McAllen Miller International",14550.0,3021.0,589.0,221875.0,0.20762886597938143,0.04048109965635739,73.44422376696458
MFR,"Medford, OR: Rogue Valley International - Medford",42651.0,6053.0,669.0,352785.0,0.1419192984924152,0.015685447000070338,58.282669750536925
MGM,"Montgomery, AL: Montgomery Regional",20219.0,3525.0,409.0,285336.0,0.1743409664177259,0.02022849794747515,80.9463829787234
MGW,"Morgantown, WV: Morgantown Municipal Walter L Bill Hart Field",765.0,194.0,37.0,28352.0,0.25359477124183005,0.048366013071895426,146.1443298969072
MHK,"Manhattan/Ft. Riley, KS: Manhattan Regional",8557.0,1454.0,254.0,98960.0,0.16991936426317636,0.029683300222040434,68.060522696011
MHT,"Manchester, NH: Manchester Boston Regional",25038.0,5223.0,516.0,340795.0,0.20860292355619459,0.02060867481428229,65.24889910013403
MHT,"Manchester, NH: Manchester-Boston Regional",17558.0,2959.0,747.0,173120.0,0.16852716710331472,0.04254470896457455,58.506252112200066
MIA,"Miami, FL: Miami International",580061.0,122146.0,11891.0,9153402.0,0.2105744051056699,0.020499568148867102,74.93820509881617
MKE,"Milwaukee, WI: General Mitchell International",163518.0,33002.0,3870.0,2173608.0,0.20182487554886924,0.023667119216233077,65.86291739894551
MKG,"Muskegon, MI: Muskegon County",1813.0,221.0,77.0,14141.0,0.12189740761169332,0.04247104247104247,63.98642533936651
MKK,"Hoolehua, HI: Molokai",1093.0,84.0,29.0,5543.0,0.0768526989935956,0.026532479414455627,65.98809523809524
MLB,"Melbourne, FL: Melbourne International",6275.0,785.0,178.0,44337.0,0.1250996015936255,0.028366533864541833,56.480254777070066
MLB,"Melbourne, FL: Melbourne Orlando International",9281.0,1582.0,130.0,104282.0,0.17045576985238658,0.014007111302661352,65.91782553729456
MLI,"Moline, IL: Quad Cities International",16680.0,3634.0,264.0,269714.0,0.21786570743405276,0.015827338129496403,74.21959273527793
MLI,"Moline, IL: Quad City International",11383.0,1797.0,451.0,133418.0,0.15786699464113152,0.03962048669067908,74.24485253199778
MLU,"Monroe, LA: Monroe Regional",12647.0,1817.0,315.0,123387.0,0.143670435676445,0.024907092591128333,67.90698954320308
MMH,"Mammoth Lakes, CA: Mammoth Lakes Airport",270.0,47.0,68.0,3676.0,0.17407407407407408,0.2518518518518518,78.2127659574468
MOB,"Mobile, AL: Mobile Regional",30630.0,5187.0,676.0,379787.0,0.1693437806072478,0.02206986614430297,73.21900906111432
MOT,"Minot, ND: Minot International",14893.0,2295.0,355.0,188259.0,0.15409924125428054,0.023836701806217685,82.03006535947712
MQT,"Marquette, MI: Marquette Sawyer Regional",2830.0,607.0,64.0,58378.0,0.21448763250883393,0.022614840989399292,96.17462932454696
MQT,"Marquette, MI: Sawyer International",3977.0,636.0,102.0,70753.0,0.1599195373397033,0.025647472969575057,111.24685534591195
MRY,"Monterey, CA: Monterey Regional",24526.0,4313.0,392.0,296060.0,0.17585419554758216,0.01598303840821985,68.64363552051935
MSN,"Madison, WI: Dane County Regional-Truax Field",71763.0,13840.0,1574.0,969437.0,0.19285704332316095,0.021933308250769896,70.0460260115607
MSO,"Missoula, MT: Missoula International",13735.0,1905.0,258.0,111805.0,0.13869676010192938,0.01878412813978886,58.69028871391076
MSO,"Missoula, MT: Missoula Montana",17776.0,3101.0,137.0,192849.0,0.17444869486948694,0.007707020702070207,62.189293776201225
MSP,"Minneapolis, MN: Minneapolis-St Paul International",722020.0,106323.0,11341.0,8313158.0,0.14725769369269548,0.01570732112683859,78.1877674632958
MSY,"New Orleans, LA: Louis Armstrong New Orleans International",270816.0,55576.0,7874.0,3425737.0,0.20521682618456813,0.029075091575091576,61.64058226572621
MTJ,"Montrose/Delta, CO: Montrose Regional",16716.0,3168.0,399.0,192982.0,0.18951902368987797,0.02386934673366834,60.91603535353536
MVY,"Martha's Vineyard, MA: Martha's Vineyard Airport",5640.0,1063.0,166.0,76949.0,0.18847517730496455,0.029432624113475178,72.38852304797743
MYR,"Myrtle Beach, SC: Myrtle Beach International",88771.0,16675.0,2019.0,1099846.0,0.1878428766151108,0.022743914116096473,65.95778110944528
OAJ,"Jacksonville/Camp Lejeune, NC: Albert J Ellis",16700.0,2379.0,281.0,158462.0,0.1424550898203593,0.016826347305389223,66.60865910046238
OAK,"Oakland, CA: Metro Oakland International",121012.0,22763.0,1396.0,1142528.0,0.1881053118698972,0.011536046011965756,50.192329657777975
OAK,"Oakland, CA: Metropolitan Oakland International",97987.0,14507.0,3526.0,732411.0,0.14805025156398297,0.03598436527294437,50.48673054387537
OAK,"Oakland, CA: Oakland International",20466.0,4313.0,155.0,224116.0,0.21073976351021206,0.007573536597283299,51.96290285184327
OGD,"Ogden, UT: Ogden-Hinckley",228.0,41.0,16.0,1971.0,0.17982456140350878,0.07017543859649122,48.073170731707314
OGG,"Kahului, HI: Kahului Airport",152340.0,22771.0,1973.0,1141674.0,0.14947485886832085,0.012951293160036759,50.13719204251021
OGS,"Ogdensburg, NY: Ogdensburg International",1544.0,260.0,91.0,30192.0,0.16839378238341968,0.05893782383419689,116.12307692307692
OKC,"Oklahoma City, OK: Okc Will Rogers International",15387.0,3754.0,189.0,262159.0,0.24397218431143172,0.012283096120101384,69.83457645178477
OKC,"Oklahoma City, OK: Will Rogers World",115125.0,22953.0,2519.0,1480184.0,0.19937459283387624,0.02188056460369164,64.48760510608635
OMA,"Omaha, NE: Eppley Airfield",133861.0,26409.0,2734.0,1608518.0,0.1972867377354121,0.020424171341914373,60.907948048013935
OME,"Nome, AK: Nome Airport",3888.0,576.0,140.0,26065.0,0.14814814814814814,0.0360082304526749,45.251736111111114
ONT,"Ontario, CA: Ontario International",138035.0,26706.0,2421.0,1507843.0,0.19347266997500634,0.017539029956170536,56.4608327716618
ORD,"Chicago, IL: Chicago O'Hare International",1778590.0,329931.0,43980.0,27307406.0,0.1855014365311848,0.024727452645072784,82.76702098317527
ORF,"Norfolk, VA: Norfolk International",126452.0,25867.0,3316.0,1726544.0,0.20455983298010313,0.02622338911207415,66.74697491011713
ORH,"Worcester, MA: Worcester Regional",7193.0,1358.0,316.0,96079.0,0.18879466147643542,0.043931600166828864,70.75036818851252
OTH,"North Bend/Coos Bay, OR: Southwest Oregon Regional",2170.0,390.0,38.0,21394.0,0.17972350230414746,0.017511520737327188,54.85641025641026
OTZ,"Kotzebue, AK: Ralph Wien Memorial",3884.0,544.0,188.0,27846.0,0.1400617919670443,0.04840370751802266,51.1875
OWB,"Owensboro, KY: Owensboro Daviess County Regional",331.0,64.0,21.0,3791.0,0.1933534743202417,0.0634441087613293,59.234375
PAE,"Everett, WA: Seattle Paine Field International",2077.0,450.0,38.0,28984.0,0.21665864227250842,0.0182956186807896,64.4088888888889
PAE,"Everett, WA: Snohomish County",17617.0,3386.0,467.0,180908.0,0.1922007152182551,0.026508486121360048,53.428233904311874
PAH,"Paducah, KY: Barkley Regional",2166.0,296.0,82.0,24087.0,0.13665743305632502,0.03785780240073869,81.375
PBG,"Plattsburgh, NY: Plattsburgh International",3990.0,659.0,214.0,64256.0,0.16516290726817043,0.05363408521303258,97.50531107738999
PBI,"West Palm Beach/Palm Beach, FL: Palm Beach International",151365.0,36763.0,3828.0,2529627.0,0.24287649060218677,0.025289862253493212,68.80904713978728
PDX,"Portland, OR: Portland International",380067.0,63200.0,6428.0,3558603.0,0.16628647054335158,0.01691280747868139,56.30700949367088
PGD,"Punta Gorda, FL: Punta Gorda Airport",37850.0,10842.0,1202.0,849442.0,0.286446499339498,0.031756935270805815,78.34735288692123
PGV,"Greenville, NC: Pitt Greenville",5353.0,712.0,108.0,50631.0,0.13300952736783112,0.020175602465906967,71.11095505617978
PHF,"Newport News/Williamsburg, VA: Newport News/Williamsburg International",10333.0,1280.0,262.0,86878.0,0.12387496370850673,0.02535565663408497,67.8734375
PHL,"Philadelphia, PA: Philadelphia International",651792.0,122070.0,15848.0,10056083.0,0.18728367331909565,0.024314505240935758,82.37964282788563
PHX,"Phoenix, AZ: Phoenix Sky Harbor International",1021494.0,178910.0,16440.0,12636450.0,0.17514542425114588,0.016094073974002785,70.63020513107149
PIA,"Peoria, IL: General Downing - Peoria International",26064.0,5320.0,750.0,383027.0,0.20411295273173727,0.028775322283609576,71.99755639097744
PIB,"Hattiesburg/Laurel, MS: Hattiesburg-Laurel Regional",3775.0,612.0,94.0,62970.0,0.16211920529801324,0.02490066225165563,102.8921568627451
PIE,"St. Petersburg, FL: St Pete Clearwater International",48085.0,12734.0,1672.0,1035410.0,0.26482270978475614,0.03477175834459811,81.31066436312236
PIH,"Pocatello, ID: Pocatello Regional",3892.0,287.0,20.0,25926.0,0.0737410071942446,0.0051387461459403904,90.33449477351917
PIR,"Pierre, SD: Pierre Regional",1504.0,221.0,38.0,21179.0,0.14694148936170212,0.02526595744680851,95.83257918552036
PIT,"Pittsburgh, PA: Pittsburgh International",239719.0,45589.0,5724.0,2983998.0,0.19017683204084782,0.023877957108114082,65.45434205619777
PLN,"Pellston, MI: Pellston Regional Airport of Emmet County",4385.0,684.0,93.0,66744.0,0.15598631698973775,0.02120866590649943,97.57894736842105
PLN,"Pellston, MI: Pellston Regional Emmet County",624.0,130.0,15.0,9926.0,0.20833333333333334,0.02403846153846154,76.35384615384615
PNS,"Pensacola, FL: Pensacola International",77193.0,15751.0,1680.0,1048803.0,0.20404699908022747,0.021763631417356495,66.58643895625674
PPG,"Pago Pago, TT: Pago Pago International",502.0,136.0,5.0,9708.0,0.27091633466135456,0.0099601593625498,71.38235294117646
PQI,"Presque Isle/Houlton, ME: Presque Isle International",3171.0,891.0,175.0,81048.0,0.28098391674550616,0.05518763796909492,90.96296296296296
PRC,"Prescott, AZ: Prescott Regional Ernest A Love Field",4528.0,807.0,44.0,92282.0,0.17822438162544169,0.009717314487632508,114.35192069392812
PSC,"Pasco/Kennewick/Richland, WA: Tri Cities",35537.0,5277.0,487.0,311731.0,0.14849311984692012,0.013704026788980498,59.07352662497631
PSE,"Ponce, PR: Mercedita",4043.0,1239.0,111.0,85238.0,0.306455602275538,0.027454860252287903,68.7958030669895
PSG,"Petersburg, AK: Petersburg James A Johnson",4348.0,697.0,62.0,39530.0,0.16030358785648574,0.014259429622815088,56.714490674318505
PSM,"Portsmouth, NH: Portsmouth International at Pease",2233.0,337.0,57.0,22113.0,0.1509180474697716,0.025526197939991044,65.61721068249258
PSP,"Palm Springs, CA: Palm Springs International",81300.0,14097.0,1309.0,807909.0,0.1733948339483395,0.016100861008610086,57.310704405192595
PUB,"Pueblo, CO: Pueblo Memorial",1888.0,235.0,58.0,27203.0,0.12447033898305085,0.03072033898305085,115.75744680851064
PUW,"Pullman, WA: Pullman Moscow Regional",6491.0,837.0,150.0,36072.0,0.12894777384070252,0.023108920043136652,43.096774193548384
PVD,"Providence, RI: Rhode Island Tf Green International",55947.0,12386.0,890.0,828563.0,0.2213880994512664,0.015907912846086475,66.89512352656224
PVD,"Providence, RI: Theodore Francis Green State",33506.0,6049.0,1537.0,381037.0,0.1805348295827613,0.045872381066077716,62.99173417093734
PVU,"Provo, UT: Provo Municipal",10106.0,2915.0,265.0,269289.0,0.2884425094003562,0.026222046309123292,92.38044596912522
PWM,"Portland, ME: Portland International Jetport",68562.0,12896.0,2123.0,892262.0,0.18809252938945772,0.030964674309384207,69.18905086848635
RAP,"Rapid City, SD: Rapid City Regional",30904.0,5559.0,673.0,388972.0,0.1798796272327207,0.02177711623090862,69.97157762187443
RDD,"Redding, CA: Redding Municipal",4278.0,609.0,76.0,47022.0,0.1423562412342216,0.017765310892940627,77.21182266009852
RDD,"Redding, CA: Redding Regional",4306.0,730.0,36.0,68977.0,0.1695308871342313,0.008360427310729215,94.48904109589041
RDM,"Bend/Redmond, OR: Roberts Field",46426.0,6729.0,788.0,407781.0,0.1449403351570241,0.016973247749106104,60.60053499777084
RDU,"Raleigh/Durham, NC: Raleigh-Durham International",318249.0,63198.0,7265.0,4276854.0,0.19858035689035944,0.02282803716586698,67.6738820848761
RFD,"Rockford, IL: Chicago/Rockford International",4752.0,800.0,118.0,55660.0,0.16835016835016836,0.024831649831649833,69.575
RHI,"Rhinelander, WI: Rhinelander/Oneida County",4810.0,673.0,78.0,57835.0,0.13991683991683992,0.016216216216216217,85.93610698365528
RIC,"Richmond, VA: Richmond International",131712.0,26421.0,3334.0,1834991.0,0.20059675655976678,0.025312803692905735,69.45198894818516
RIW,"Riverton/Lander, WY: Central Wyoming Regional",1909.0,316.0,26.0,27837.0,0.16553169198533263,0.013619696176008382,88.09177215189874
RIW,"Riverton/Lander, WY: Riverton Regional",1351.0,217.0,55.0,24334.0,0.16062176165803108,0.04071058475203553,112.13824884792626
RKS,"Rock Springs, WY: Southwest Wyoming Regional",3302.0,555.0,72.0,53705.0,0.16807995154451846,0.021804966686856452,96.76576576576576
RNO,"Reno, NV: Reno/Tahoe International",120521.0,22288.0,2276.0,1265078.0,0.18493042706250362,0.018884675699670596,56.76049892318736
ROA,"Roanoke, VA: Roanoke Blacksburg Regional",23216.0,4753.0,332.0,339972.0,0.20472949689869055,0.014300482425913164,71.52787713023353
ROA,"Roanoke, VA: Roanoke Blacksburg Regional Woodrum Field",13977.0,1845.0,492.0,128004.0,0.1320025756600129,0.0352006868426701,69.37886178861788
ROC,"Rochester, NY: Frederick Douglass Grtr Rochester International",53586.0,11075.0,1066.0,750649.0,0.2066771171574665,0.019893255701115962,67.778690744921
ROC,"Rochester, NY: Greater Rochester International",32371.0,5292.0,1404.0,355745.0,0.16347965771832812,0.043372154088536036,67.22316704459561
ROW,"Roswell, NM: Roswell Air Center",3209.0,585.0,75.0,44568.0,0.18229978186350887,0.023371766905578063,76.18461538461538
ROW,"Roswell, NM: Roswell International Air Center",2757.0,375.0,102.0,33044.0,0.13601741022850924,0.036996735582154515,88.11733333333333
RST,"Rochester, MN: Rochester International",13236.0,2334.0,357.0,197218.0,0.17633726201269265,0.026971894832275613,84.49785775492717
RSW,"Fort Myers, FL: Southwest Florida International",210357.0,42536.0,6005.0,2755891.0,0.20220862628769187,0.028546708690464304,64.78961350385556
SAF,"Santa Fe, NM: Santa Fe Municipal",13822.0,2685.0,349.0,216007.0,0.19425553465489798,0.025249602083634786,80.44953445065177
SAF,"Santa Fe, NM: Santa Fe Regional",2310.0,517.0,35.0,34071.0,0.22380952380952382,0.015151515151515152,65.90135396518376
SAN,"San Diego, CA: San Diego International",493621.0,99545.0,9424.0,5511159.0,0.2016628141833512,0.019091570253291494,55.36349389723241
SAT,"San Antonio, TX: San Antonio International",212097.0,43923.0,4458.0,2670572.0,0.207089209182591,0.021018684847027538,60.801220317373584
SAV,"Savannah, GA: Savannah/Hilton Head International",111679.0,22391.0,2783.0,1528659.0,0.200494273766778,0.02491963574172405,68.2711357241749
SBA,"Santa Barbara, CA: Santa Barbara Municipal",42877.0,7478.0,794.0,493438.0,0.17440585861883995,0.01851808661986613,65.98529018454133
SBN,"South Bend, IN: South Bend International",37693.0,7374.0,770.0,583513.0,0.19563314143209615,0.02042819621680418,79.131136425278
SBP,"San Luis Obispo, CA: San Luis County Regional",25749.0,4376.0,360.0,315234.0,0.1699483475086411,0.013981125480601188,72.03702010968921
SBP,"San Luis Obispo, CA: San Luis Obispo County Regional",3347.0,709.0,46.0,58095.0,0.2118314908873618,0.013743651030773827,81.93935119887165
SBY,"Salisbury, MD: Salisbury-Ocean City/Wicomico Regional",9299.0,1370.0,62.0,104797.0,0.14732766964189697,0.006667383589633294,76.4941605839416
SCC,"Deadhorse, AK: Deadhorse Airport",3003.0,385.0,67.0,24309.0,0.1282051282051282,0.022311022311022312,63.140259740259744
SCE,"State College, PA: State College Regional",2219.0,511.0,57.0,49683.0,0.2302839116719243,0.02568724650743578,97.22700587084148
SCE,"State College, PA: University Park",16340.0,2756.0,560.0,215469.0,0.16866585067319462,0.03427172582619339,78.18178519593614
SCK,"Stockton, CA: Stockton Metro",1808.0,476.0,13.0,32126.0,0.26327433628318586,0.007190265486725664,67.49159663865547
SCK,"Stockton, CA: Stockton Metropolitan",1794.0,368.0,145.0,24288.0,0.20512820512820512,0.08082497212931995,66.0
SDF,"Louisville, KY: Louisville Muhammad Ali International",139021.0,26400.0,3298.0,1817391.0,0.18989936772142338,0.023723034649441452,68.84056818181818
SEA,"Seattle, WA: Seattle/Tacoma International",1026130.0,169313.0,16843.0,9739803.0,0.1650015105298549,0.016414099578026177,57.525429234612815
SFB,"Sanford, FL: Orlando Sanford International",56966.0,16403.0,2393.0,1396558.0,0.287943685707264,0.042007513253519646,85.14040114613181
SFO,"San Francisco, CA: San Francisco International",744383.0,152989.0,13178.0,10223935.0,0.20552457538659535,0.017703252223653685,66.827909196086
SGF,"Springfield, MO: Springfield-Branson National",56011.0,10852.0,1212.0,738514.0,0.19374765671028904,0.021638606702254915,68.05326207150756
SGU,"St. George, UT: St George Regional",19513.0,2606.0,123.0,173378.0,0.13355199098037207,0.0063034899810382825,66.53031465848044
SHD,"Staunton, VA: Shenandoah Valley Regional",2008.0,328.0,48.0,36038.0,0.16334661354581673,0.02390438247011952,109.8719512195122
SHR,"Sheridan, WY: Sheridan County",3920.0,593.0,82.0,51588.0,0.15127551020408164,0.020918367346938777,86.99494097807757
SHV,"Shreveport, LA: Shreveport Regional",33895.0,6056.0,814.0,469310.0,0.17866942026847618,0.02401534149579584,77.4950462351387
SIT,"Sitka, AK: Sitka Rocky Gutierrez",7450.0,1545.0,144.0,76264.0,0.20738255033557046,0.019328859060402683,49.36181229773463
SJC,"San Jose, CA: Norman Y. Mineta San Jose International",280407.0,45651.0,5601.0,2376960.0,0.16280264044763504,0.01997453701227145,52.06808175067359
SJT,"San Angelo, TX: San Angelo Regional/Mathis Field",8110.0,1186.0,292.0,78811.0,0.1462392108508015,0.036004932182490755,66.45109612141653
SJU,"San Juan, PR: Luis Munoz Marin International",183295.0,46852.0,2809.0,3221690.0,0.2556098093237677,0.01532502250470553,68.76312644070691
SLC,"Salt Lake City, UT: Salt Lake City International",661231.0,91724.0,7605.0,6529967.0,0.13871702929838436,0.011501275651020597,71.19147660372421
SLN,"Salina, KS: Salina Regional",4565.0,915.0,88.0,90763.0,0.2004381161007667,0.01927710843373494,99.19453551912568
SMF,"Sacramento, CA: Sacramento International",302854.0,54355.0,5047.0,2964653.0,0.1794759190897264,0.01666479557806732,54.54241560114065
SMX,"Santa Maria, CA: Santa Maria Public/Capt. G. Allan Hancock Field",1097.0,241.0,49.0,19029.0,0.21969006381039197,0.044667274384685506,78.95850622406638
SNA,"Santa Ana, CA: John Wayne Airport-Orange County",245428.0,41724.0,4791.0,2157900.0,0.17000505239825936,0.019521000048894177,51.71843543284441
SPI,"Springfield, IL: Abraham Lincoln Capital",6301.0,1085.0,181.0,87971.0,0.17219488970004762,0.028725599111252182,81.07926267281105
SPN,"Saipan, TT: Francisco C. Ada Saipan International",2012.0,94.0,15.0,6652.0,0.04671968190854871,0.007455268389662028,70.76595744680851
SPS,"Wichita Falls, TX: Sheppard AFB/Wichita Falls Municipal",5325.0,742.0,234.0,52337.0,0.13934272300469483,0.043943661971830986,70.53504043126685
SRQ,"Sarasota/Bradenton, FL: Sarasota/Bradenton International",89112.0,19252.0,2334.0,1234600.0,0.21604273274082053,0.026191758685698896,64.12840224392271
STC,"St. Cloud, MN: St. Cloud Regional",845.0,94.0,32.0,4223.0,0.11124260355029586,0.0378698224852071,44.92553191489362
STL,"St. Louis, MO: St Louis Lambert International",364177.0,65220.0,8367.0,3953487.0,0.17908873981607845,0.022975091782292675,60.61770929162834
STS,"Santa Rosa, CA: Charles M. Schulz - Sonoma County",24239.0,4072.0,404.0,231091.0,0.16799372911423738,0.01666735426378976,56.7512278978389
STT,"Charlotte Amalie, VI: Cyril E King",30960.0,5583.0,350.0,341592.0,0.18032945736434108,0.011304909560723515,61.184309511015584
STX,"Christiansted, VI: Henry E. Rohlsen",7068.0,1469.0,61.0,87150.0,0.20783814374646292,0.008630447085455574,59.32607215793057
SUN,"Sun Valley/Hailey/Ketchum, ID: Friedman Memorial",12643.0,1467.0,180.0,90659.0,0.11603258720240449,0.01423712726409871,61.798909338786636
SUX,"Sioux City, IA: Sioux Gateway Brig Gen Bud Day Field",4527.0,850.0,147.0,75445.0,0.1877623149988955,0.032471835652750164,88.75882352941177
SWF,"Newburgh/Poughkeepsie, NY: New York Stewart International",4143.0,795.0,171.0,51558.0,0.19188993482983346,0.041274438812454746,64.85283018867925
SWO,"Stillwater, OK: Stillwater Regional",4024.0,547.0,116.0,42258.0,0.13593439363817097,0.02882703777335984,77.25411334552102
SYR,"Syracuse, NY: Syracuse Hancock International",85000.0,17065.0,2479.0,1167810.0,0.20076470588235293,0.02916470588235294,68.43305010254907
TBN,"Fort Leonard Wood, MO: Waynesville-St. Robert Regional Forney Field",631.0,59.0,38.0,5400.0,0.09350237717908082,0.060221870047543584,91.52542372881356
TLH,"Tallahassee, FL: Tallahassee International",33828.0,5662.0,693.0,361489.0,0.16737613811044105,0.020485987938985456,63.844754503708934
TOL,"Toledo, OH: Eugene F Kranz Toledo Express",1366.0,283.0,12.0,22546.0,0.20717423133235724,0.008784773060029283,79.6678445229682
TOL,"Toledo, OH: Toledo Express",3487.0,548.0,141.0,35314.0,0.1571551476914253,0.04043590478921709,64.44160583941606
TPA,"Tampa, FL: Tampa International",430516.0,92029.0,10947.0,6038103.0,0.2137644129370337,0.025427626383223854,65.6108726597051
TRI,"Bristol/Johnson City/Kingsport, TN: Tri Cities",23349.0,3388.0,345.0,225489.0,0.14510257398603796,0.014775793395862777,66.5551948051948
TTN,"Trenton, NJ: Trenton Mercer",10555.0,2747.0,371.0,203087.0,0.2602558029369967,0.035149218379914735,73.93046960320349
TUL,"Tulsa, OK: Tulsa International",99674.0,20078.0,2182.0,1282870.0,0.2014366835884985,0.021891365852679735,63.89431218248829
TUS,"Tucson, AZ: Tucson International",101942.0,18634.0,1564.0,1134730.0,0.18279021404327953,0.015342057248239194,60.89567457336052
TVC,"Traverse City, MI: Cherry Capital",31083.0,5960.0,570.0,432269.0,0.19174468358910016,0.018337998262715954,72.52835570469799
TWF,"Twin Falls, ID: Joslin Field - Magic Valley Regional",4306.0,369.0,23.0,29989.0,0.08569437993497446,0.005341384115188109,81.2710027100271
TXK,"Texarkana, AR: Texarkana Regional-Webb Field",5644.0,807.0,160.0,58535.0,0.14298369950389794,0.028348688873139617,72.53407682775712
TYR,"Tyler, TX: Tyler Pounds Regional",6988.0,1062.0,309.0,73009.0,0.15197481396680024,0.044218660560961645,68.74670433145009
TYS,"Knoxville, TN: McGhee Tyson",103438.0,21276.0,2238.0,1564436.0,0.2056884317175506,0.02163614919081962,73.53055085542395
UIN,"Quincy, IL: Quincy Regional-Baldwin Field",9.0,1.0,0.0,74.0,0.1111111111111111,0.0,74.0
USA,"Concord, NC: Concord Padgett Regional",5427.0,1389.0,333.0,96476.0,0.25594250967385296,0.06135986733001658,69.45716342692585
VCT,"Victoria, TX: Victoria Regional",3178.0,417.0,74.0,64372.0,0.13121460037759597,0.02328508495909377,154.3693045563549
VEL,"Vernal, UT: Vernal Regional",2393.0,336.0,99.0,24487.0,0.1404095277893857,0.041370664437944,72.87797619047619
VLD,"Valdosta, GA: Valdosta Regional",5650.0,809.0,71.0,74108.0,0.1431858407079646,0.012566371681415929,91.6044499381953
VPS,"Valparaiso, FL: Eglin AFB Destin Fort Walton Beach",58319.0,11672.0,1399.0,807355.0,0.20014060597746874,0.0239887515218025,69.17023646333105
VRB,"Vero Beach, FL: Vero Beach Regional",42.0,21.0,1.0,1539.0,0.5,0.023809523809523808,73.28571428571429
WRG,"Wrangell, AK: Wrangell Airport",4348.0,741.0,77.0,40174.0,0.1704231830726771,0.017709291628334865,54.21592442645074
WYS,"West Yellowstone, MT: Yellowstone",1936.0,225.0,9.0,14013.0,0.11621900826446281,0.0046487603305785125,62.28
XNA,"Fayetteville, AR: Northwest Arkansas National",50500.0,10206.0,671.0,698887.0,0.2020990099009901,0.013287128712871287,68.47805212620027
XNA,"Fayetteville, AR: Northwest Arkansas Regional",27103.0,4193.0,1018.0,268266.0,0.15470612109360588,0.03756041766594104,63.97948962556642
XWA,"Williston, ND: Williston Basin International",9549.0,1743.0,221.0,149719.0,0.18253220232485076,0.023143784689496284,85.89730349971313
YAK,"Yakutat, AK: Yakutat Airport",4346.0,660.0,80.0,31721.0,0.15186378278877127,0.01840773124712379,48.06212121212121
YKM,"Yakima, WA: Yakima Air Terminal/McAllister Field",3989.0,471.0,85.0,19352.0,0.11807470543995989,0.021308598646277262,41.08704883227176
YUM,"Yuma, AZ: Yuma MCAS/Yuma International",10132.0,1484.0,144.0,108745.0,0.14646664034741413,0.01421239636794315,73.27830188679245
